fpl,understat,fpl_2024-25,opta_id
Wout Faes,Wout Faes,291.0,218218
Joël Veltman,Joël Veltman,145.0,111478
Kurt Zouma,Kurt Zouma,532.0,103192
Aaron Cresswell,Aaron Cresswell,517.0,55459
Scott McTominay,Scott McTominay,381.0,195851
John McGinn,John McGinn,48.0,122806
Jadon Sancho,Jadon Sancho,386.0,209243
Curtis Jones,Curtis Jones,324.0,206915
Eddie Nketiah,Eddie Nketiah,11.0,205533
Pierre-Emile Højbjerg,Pierre-Emile Højbjerg,490.0,132015
Taiwo Awoniyi,Taiwo Awoniyi,424.0,210156
Amadou Onana,Amadou Onana,233.0,449871
George Hirst,George Hirst,272.0,222625
André Onana,André Onana,383.0,202641
Conor Bradley,Conor Bradley,313.0,492777
Konstantinos Tsimikas,Konstantinos Tsimikas,337.0,214285
Ethan Nwaneri,Ethan Nwaneri,12.0,499175
Neco Williams,Neco Williams,437.0,215136
Wilson Odobert,Wilson Odobert,612.0,550839
Enes Ünal,Enes Ünal,65.0,168636
Riccardo Calafiori,Riccardo Calafiori,578.0,466075
Sandro Tonali,Sandro Tonali,417.0,432422
William Saliba,William Saliba,18.0,462424
Enzo Fernández,Enzo Fernández,168.0,448047
Luke Shaw,Luke Shaw,387.0,106760
Anthony Elanga,Anthony Elanga,432.0,449434
Yoane Wissa,Yoane Wissa,110.0,216646
Erling Haaland,Erling Haaland,351.0,223094
Illia Zabarnyi,Illia Zabarnyi,85.0,477580
Harry Maguire,Harry Maguire,377.0,95658
Sepp van den Berg,Sepp van den Berg,338.0,444765
Julián Álvarez,Julián Álvarez,352.0,461358
Lewis Dunk,Lewis Dunk,120.0,83299
Luis Sinisterra,Luis Sinisterra,80.0,224995
Jørgen Strand Larsen,Jørgen Strand Larsen,566.0,247412
Charlie Taylor,Charlie Taylor,475.0,103914
Frank Onyeka,Frank Onyeka,102.0,428580
Kobbie Mainoo,Kobbie Mainoo,378.0,516895
Ben Chilwell,Ben Chilwell,160.0,172850
Ben Davies,Ben Davies,484.0,115556
Matthijs de Ligt,Matthijs de Ligt,593.0,209365
Tim Iroegbunam,Tim Iroegbunam,226.0,490094
Kiernan Dewsbury-Hall,Kiernan Dewsbury-Hall,166.0,215413
Kristoffer Ajer,Kristoffer Ajer,86.0,191866
Ben Doak,Ben Doak,318.0,496208
Tyrick Mitchell,Tyrick Mitchell,210.0,244723
Phil Foden,Phil Foden,348.0,209244
Sam Morsy,Sam Morsy,278.0,74944
Solly March,Solly March,132.0,109345
Odsonne Edouard,Odsonne Edouard,198.0,199670
Toby Collyer,Toby Collyer,613.0,490881
Adam Lallana,Adam Lallana,463.0,39155
Trent Alexander-Arnold,Trent Alexander-Arnold,311.0,169187
Micky van de Ven,Micky van de Ven,506.0,491279
Mads Hermansen,Mads Hermansen,293.0,467189
Craig Dawson,Craig Dawson,542.0,60232
Aaron Hickey,Aaron Hickey,93.0,472713
Joe Worrall,Joe Worrall,448.0,208912
Mario Lemina,Mario Lemina,557.0,151086
Manuel Akanji,Manuel Akanji,340.0,211975
Dean Henderson,Dean Henderson,201.0,172649
Ian Maatsen,Ian Maatsen,45.0,441302
Anthony Gordon,Anthony Gordon,398.0,232826
Jaidon Anthony,Jaidon Anthony,61.0,444180
David Brooks,David Brooks,62.0,111317
Julio Enciso,Julio Enciso,121.0,474120
Adama Traoré,Adama Traoré,239.0,159533
Bukayo Saka,Bukayo Saka,17.0,223340
Evan Ferguson,Evan Ferguson,123.0,487117
Ben Brereton Díaz,Ben Brereton Díaz,584.0,204814
Stephy Mavididi,Stephy Mavididi,298.0,154048
Yankuba Minteh,Yankuba Minteh,135.0,592031
Lewis Dobbin,Lewis Dobbin,37.0,461421
James Justin,James Justin,295.0,220627
Alexis Mac Allister,Alexis Mac Allister,329.0,243016
Harrison Reed,Harrison Reed,254.0,153366
William Osula,William Osula,590.0,538207
Kevin De Bruyne,Kevin De Bruyne,345.0,61366
Massimo Luongo,Massimo Luongo,277.0,106606
Mats Wieffer,Mats Wieffer,149.0,467779
Calvin Bassey,Calvin Bassey,241.0,232892
Georginio Rutter,Georginio Rutter,618.0,463067
Sam Johnstone,Sam Johnstone,204.0,101982
Keane Lewis-Potter,Keane Lewis-Potter,98.0,249231
Leon Bailey,Leon Bailey,28.0,215711
Kieran Trippier,Kieran Trippier,418.0,77794
Youri Tielemans,Youri Tielemans,57.0,166989
Marcos Senesi,Marcos Senesi,79.0,221466
Adam Armstrong,Adam Armstrong,453.0,155511
Joe Willock,Joe Willock,420.0,200089
Ferdi Kadioglu,Ferdi Kadioglu,628.0,231416
Emil Krafth,Emil Krafth,405.0,111773
Ali Al-Hamadi,Ali Al-Hamadi,260.0,462387
Mikkel Damsgaard,Mikkel Damsgaard,89.0,440089
Jurriën Timber,Jurriën Timber,6.0,445122
Oleksandr Zinchenko,Oleksandr Zinchenko,25.0,206325
Issa Diop,Issa Diop,245.0,219924
Danny Ings,Danny Ings,523.0,84939
Marcus Tavernier,Marcus Tavernier,83.0,201658
Jamie Vardy,Jamie Vardy,306.0,101668
Tommy Doyle,Tommy Doyle,544.0,220394
Rico Lewis,Rico Lewis,355.0,477064
Moussa Diaby,Moussa Diaby,34.0,243557
Nicolas Jackson,Nicolas Jackson,180.0,517052
Lewis Cook,Lewis Cook,64.0,155408
Malo Gusto,Malo Gusto,171.0,482609
Jakub Kiwior,Jakub Kiwior,8.0,440854
Mason Mount,Mason Mount,382.0,184341
Bernd Leno,Bernd Leno,248.0,80201
Myles Lewis-Skelly,Myles Lewis-Skelly,597.0,499169
Abdoulaye Doucouré,Abdoulaye Doucouré,217.0,121599
Harvey Elliott,Harvey Elliott,319.0,444884
Harry Winks,Harry Winks,309.0,157668
Raúl Jiménez,Raúl Jiménez,252.0,102057
Willy Boly,Willy Boly,425.0,90585
Joshua Zirkzee,Joshua Zirkzee,389.0,458249
Kevin Schade,Kevin Schade,106.0,513418
Matt Doherty,Matt Doherty,543.0,87835
Neal Maupay,Neal Maupay,229.0,115382
Wes Foderingham,Wes Foderingham,522.0,82143
Will Hughes,Will Hughes,203.0,108413
Ben Johnson,Ben Johnson,275.0,222018
Callum Wilson,Callum Wilson,421.0,75115
Dominik Szoboszlai,Dominik Szoboszlai,336.0,424876
Niclas Füllkrug,Niclas Füllkrug,589.0,91889
Yerson Mosquera,Yerson Mosquera,558.0,501837
Nathan Aké,Nathan Aké,341.0,126184
Reece James,Reece James,172.0,225796
Josh Dasilva,Josh Dasilva,90.0,183656
Sander Berge,Sander Berge,622.0,207189
Mark Flekken,Mark Flekken,91.0,118342
Pedro Porro,Pedro Porro,495.0,441164
Ryan Trevitt,Ryan Trevitt,602.0,591357
Lucas Digne,Lucas Digne,36.0,101188
Axel Disasi,Axel Disasi,167.0,220362
Sean Longstaff,Sean Longstaff,410.0,180135
Jean-Philippe Mateta,Jean-Philippe Mateta,207.0,231747
Rasmus Højlund,Rasmus Højlund,375.0,497894
Pablo Sarabia,Pablo Sarabia,565.0,88484
Nicolás Domínguez,Nicolás Domínguez,431.0,250199
Jack Clarke,Jack Clarke,631.0,443261
Oliver Skipp,Oliver Skipp,501.0,209042
Noussair Mazraoui,Noussair Mazraoui,594.0,230001
Mahmoud Dahoud,Mahmoud Dahoud,119.0,168090
Alex Scott,Alex Scott,77.0,503139
Christopher Nkunku,Christopher Nkunku,181.0,213198
Axel Tuanzebe,Axel Tuanzebe,282.0,180804
Kasey McAteer,Kasey McAteer,299.0,461587
Jesurun Rak-Sakyi,Jesurun Rak-Sakyi,213.0,450542
Orel Mangala,Orel Mangala,651.0,179519
Jonny Evans,Jonny Evans,371.0,37642
Ollie Watkins,Ollie Watkins,58.0,178301
Ryan Christie,Ryan Christie,63.0,158499
Michael Keane,Michael Keane,228.0,106611
Morgan Gibbs-White,Morgan Gibbs-White,433.0,222531
Harry Wilson,Harry Wilson,259.0,153682
Jason Steele,Jason Steele,142.0,49262
Virgil van Dijk,Virgil van Dijk,339.0,97032
Roman Dixon,Roman Dixon,627.0,496178
Matt Turner,Matt Turner,445.0,224068
Federico Chiesa,Federico Chiesa,636.0,223541
Vitaly Janelt,Vitaly Janelt,94.0,204580
Lamare Bogarde,Lamare Bogarde,598.0,515597
Ben Mee,Ben Mee,100.0,51927
Jordan Pickford,Jordan Pickford,235.0,111234
Dwight McNeil,Dwight McNeil,230.0,433154
Joel Ward,Joel Ward,215.0,55494
Kenny Tete,Kenny Tete,257.0,167074
Jack Taylor,Jack Taylor,281.0,231899
Conor Gallagher,Conor Gallagher,169.0,232787
Ramón Sosa,Ramón Sosa,620.0,502222
Daniel Muñoz,Daniel Muñoz,211.0,247348
Kyle Walker-Peters,Kyle Walker-Peters,476.0,158534
Mohamed Salah,Mohamed Salah,328.0,118748
Ryan Fraser,Ryan Fraser,397.0,90105
Billy Gilmour,Billy Gilmour,124.0,243568
Bilal El Khannouss,Bilal El Khannouss,635.0,513527
Rico Henry,Rico Henry,92.0,194010
Ethan Pinnock,Ethan Pinnock,104.0,231065
Aaron Wan-Bissaka,Aaron Wan-Bissaka,388.0,214590
Jannik Vestergaard,Jannik Vestergaard,307.0,93100
Harrison Armstrong,Harrison Armstrong,603.0,609873
Jacob Greaves,Jacob Greaves,270.0,449429
Mathias Jensen,Mathias Jensen,95.0,207283
Jhon Durán,Jhon Durán,38.0,476344
Jarrad Branthwaite,Jarrad Branthwaite,219.0,480455
Ross Barkley,Ross Barkley,29.0,88894
Ross Stewart,Ross Stewart,473.0,230348
Declan Rice,Declan Rice,16.0,204480
Mikey Moore,Mikey Moore,610.0,499721
Jake O'Brien,Jake O'Brien,582.0,512462
Kai Havertz,Kai Havertz,4.0,219847
Ryan Gravenberch,Ryan Gravenberch,323.0,441266
Jean-Clair Todibo,Jean-Clair Todibo,591.0,462116
Dan Burn,Dan Burn,395.0,78916
Simon Adingra,Simon Adingra,113.0,535818
Alex Iwobi,Alex Iwobi,247.0,153133
Jan Bednarek,Jan Bednarek,455.0,171771
Caleb Okoli,Caleb Okoli,301.0,473341
Archie Gray,Archie Gray,489.0,547701
Ilkay Gündogan,Ilkay Gündogan,625.0,59859
Nathan Patterson,Nathan Patterson,234.0,243571
Jack Grealish,Jack Grealish,349.0,114283
Adam Wharton,Adam Wharton,216.0,496221
Morgan Rogers,Morgan Rogers,54.0,244850
Maxwel Cornet,Maxwel Cornet,515.0,149519
Carlos Baleba,Carlos Baleba,115.0,535301
Carlos Soler,Carlos Soler,654.0,224860
Max Aarons,Max Aarons,59.0,232980
Christian Nørgaard,Christian Nørgaard,101.0,128295
Harvey Barnes,Harvey Barnes,392.0,201666
Adam Webster,Adam Webster,147.0,110735
Arijanet Muric,Arijanet Muric,568.0,232917
Cristian Romero,Cristian Romero,498.0,221632
Cody Gakpo,Cody Gakpo,321.0,243298
Noni Madueke,Noni Madueke,177.0,248857
Brennan Johnson,Brennan Johnson,491.0,242898
Conor Chaplin,Conor Chaplin,265.0,196411
Jack Stephens,Jack Stephens,472.0,88900
Jeffrey Schlupp,Jeffrey Schlupp,214.0,86417
Jordan Ayew,Jordan Ayew,192.0,80146
Manuel Ugarte,Manuel Ugarte,652.0,232112
Ezri Konsa Ngoyo,Ezri Konsa Ngoyo,44.0,199798
Andy Irving,Andy Irving,576.0,229384
Facundo Buonanotte,Facundo Buonanotte,117.0,536916
Lisandro Martínez,Lisandro Martínez,380.0,221820
Ibrahima Konaté,Ibrahima Konaté,326.0,204716
Chris Mepham,Chris Mepham,72.0,223911
Jarell Quansah,Jarell Quansah,333.0,441428
Adam Smith,Adam Smith,81.0,54469
Konstantinos Mavropanos,Konstantinos Mavropanos,528.0,233963
Antoine Semenyo,Antoine Semenyo,78.0,437730
Leandro Trossard,Leandro Trossard,23.0,116216
Pascal Groß,Pascal Groß,125.0,60307
Mason Holgate,Mason Holgate,225.0,194164
Danny Welbeck,Danny Welbeck,148.0,50175
Alejandro Garnacho,Alejandro Garnacho,372.0,493105
Ryan Yates,Ryan Yates,449.0,204968
Harry Toffolo,Harry Toffolo,444.0,114241
James Maddison,James Maddison,494.0,172780
Matt Targett,Matt Targett,416.0,169359
Conor Coady,Conor Coady,288.0,94147
Christian Eriksen,Christian Eriksen,370.0,80607
Dominic Calvert-Lewin,Dominic Calvert-Lewin,220.0,177815
James Milner,James Milner,134.0,15157
Dean Huijsen,Dean Huijsen,580.0,554605
Luke Woolfenden,Luke Woolfenden,284.0,220583
Ashley Young,Ashley Young,238.0,18892
Alphonse Areola,Alphonse Areola,513.0,84182
Lloyd Kelly,Lloyd Kelly,404.0,235530
Samuel Amo-Ameyaw,Samuel Amo-Ameyaw,451.0,499724
Idrissa Gueye,Idrissa Gueye,222.0,80801
Robin Olsen,Robin Olsen,51.0,111782
Yasin Ayari,Yasin Ayari,600.0,509416
Chiedozie Ogbene,Chiedozie Ogbene,632.0,229164
Kalvin Phillips,Kalvin Phillips,359.0,155405
Jan Paul van Hecke,Jan Paul van Hecke,144.0,469142
George Edmundson,George Edmundson,269.0,214964
Rodrigo Bentancur,Rodrigo Bentancur,480.0,202993
Kyle Walker,Kyle Walker,363.0,58621
Carney Chukwuemeka,Carney Chukwuemeka,161.0,478912
Victor Kristiansen,Victor Kristiansen,296.0,481510
Elliot Anderson,Elliot Anderson,423.0,215379
Guglielmo Vicario,Guglielmo Vicario,508.0,184254
Vitalii Mykolenko,Vitalii Mykolenko,231.0,224967
Flynn Downes,Flynn Downes,518.0,220585
Jack Harrison,Jack Harrison,224.0,221399
Justin Kluivert,Justin Kluivert,71.0,222683
Jacob Murphy,Jacob Murphy,402.0,114243
Callum Hudson-Odoi,Callum Hudson-Odoi,434.0,209046
Mohammed Kudus,Mohammed Kudus,525.0,460842
Jean-Ricner Bellegarde,Jean-Ricner Bellegarde,535.0,231057
Aaron Ramsdale,Aaron Ramsdale,14.0,225321
Lewis Hall,Lewis Hall,399.0,487838
Jack Hinshelwood,Jack Hinshelwood,126.0,532529
Max Kilman,Max Kilman,524.0,214048
Marcus Rashford,Marcus Rashford,385.0,176297
Tyler Dibling,Tyler Dibling,608.0,496661
Reiss Nelson,Reiss Nelson,10.0,200641
Chris Wood,Chris Wood,447.0,60689
Tyrone Mings,Tyrone Mings,49.0,149484
Dara O'Shea,Dara O'Shea,630.0,216616
James Garner,James Garner,223.0,232928
Abdul Fatawu,Abdul Fatawu,570.0,531442
Taylor Harwood-Bellis,Taylor Harwood-Bellis,461.0,245719
Wes Burns,Wes Burns,264.0,149929
Liam Delap,Liam Delap,268.0,463034
Caoimhin Kelleher,Caoimhin Kelleher,325.0,200720
Luis Díaz,Luis Díaz,327.0,244731
Crysencio Summerville,Crysencio Summerville,587.0,450070
Tim Ream,Tim Ream,253.0,82514
Hamza Choudhury,Hamza Choudhury,287.0,197469
Antonee Robinson,Antonee Robinson,255.0,169528
Lucas Bergvall,Lucas Bergvall,481.0,570526
Pau Torres,Pau Torres,52.0,244954
Chris Richards,Chris Richards,194.0,427623
Wesley Fofana,Wesley Fofana,189.0,444463
Milos Kerkez,Milos Kerkez,70.0,544877
Timo Werner,Timo Werner,509.0,165153
Samuel Edozie,Samuel Edozie,459.0,490503
Joachim Andersen,Joachim Andersen,191.0,174874
Daniel Jebbison,Daniel Jebbison,69.0,523700
Jay Stansfield,Jay Stansfield,256.0,490146
Jens Cajuste,Jens Cajuste,619.0,454667
Alex McCarthy,Alex McCarthy,469.0,58376
Wilfred Ndidi,Wilfred Ndidi,300.0,203341
Nick Pope,Nick Pope,413.0,98747
Mark Travers,Mark Travers,84.0,229600
Tyler Adams,Tyler Adams,60.0,200785
James McAtee,James McAtee,357.0,432714
Raheem Sterling,Raheem Sterling,186.0,103955
James Hill,James Hill,68.0,463981
Jarrod Bowen,Jarrod Bowen,514.0,178186
Iliman Ndiaye,Iliman Ndiaye,232.0,440993
Philip Billing,Philip Billing,76.0,168991
Dango Ouattara,Dango Ouattara,74.0,533463
James Ward-Prowse,James Ward-Prowse,531.0,101178
Christian Walton,Christian Walton,283.0,108813
Bart Verbruggen,Bart Verbruggen,146.0,489639
John Stones,John Stones,362.0,97299
Cameron Archer,Cameron Archer,27.0,433979
Boubacar Kamara,Boubacar Kamara,42.0,226944
Cole Palmer,Cole Palmer,182.0,244851
Naouirou Ahamada,Naouirou Ahamada,190.0,466117
Thomas Partey,Thomas Partey,20.0,167199
Robert Sánchez,Robert Sánchez,185.0,215059
Mykhailo Mudryk,Mykhailo Mudryk,179.0,465920
Tom Cairney,Tom Cairney,243.0,76357
Eberechi Eze,Eberechi Eze,199.0,232413
Fabian Schär,Fabian Schär,415.0,119471
Alexander Isak,Alexander Isak,401.0,219168
Ola Aina,Ola Aina,422.0,159506
Dejan Kulusevski,Dejan Kulusevski,492.0,445044
Victor Lindelöf,Victor Lindelöf,376.0,184667
James Tarkowski,James Tarkowski,236.0,17761
Daichi Kamada,Daichi Kamada,205.0,209400
Maxence Lacroix,Maxence Lacroix,650.0,437499
Guido Rodríguez,Guido Rodríguez,588.0,197024
Tosin Adarabioyo,Tosin Adarabioyo,187.0,109646
Andrew Robertson,Andrew Robertson,335.0,122798
Yves Bissouma,Yves Bissouma,482.0,227127
Nathaniel Clyne,Nathaniel Clyne,196.0,57328
Santiago Bueno,Santiago Bueno,564.0,231480
Leif Davis,Leif Davis,267.0,455084
Nathan Collins,Nathan Collins,88.0,432830
Jacob Ramsey,Jacob Ramsey,53.0,232653
Bryan Mbeumo,Bryan Mbeumo,99.0,446008
Matz Sels,Matz Sels,443.0,85633
Manor Solomon,Manor Solomon,502.0,235674
Giovani Lo Celso,Giovani Lo Celso,493.0,200826
Michail Antonio,Michail Antonio,512.0,57531
Levi Colwill,Levi Colwill,162.0,460028
Djed Spence,Djed Spence,504.0,232859
Sven Botman,Sven Botman,393.0,220237
Pedro Lomba Neto,Pedro Neto,560.0,247632
Facundo Pellistri Rebollo,Facundo Pellistri,384.0,488404
Carlos Alcaraz Durán,Carlos Alcaraz,450.0,502697
Yunus Emre Konak,Yunus Konak,97.0,628204
Bruno Borges Fernandes,Bruno Fernandes,366.0,141746
Toti António Gomes,Toti,567.0,510362
André Trindade da Costa Neto,André,642.0,509291
João Victor Gomes da Silva,João Gomes,553.0,448089
Renato Palma Veiga,Renato Veiga,184.0,551230
Miguel Almirón Rejala,Miguel Almirón,391.0,179018
Marc Cucurella Saseta,Marc Cucurella,163.0,179268
Rúben Gato Alves Dias,Rúben Dias,361.0,171314
Gabriel Martinelli Silva,Gabriel Martinelli,9.0,444145
Nélson Cabral Semedo,Nélson Semedo,559.0,200402
Sugawara Yukinari,Yukinari Sugawara,474.0,219279
Ederson Santana de Moraes,Ederson,347.0,121160
Darwin Núñez Ribeiro,Darwin Núñez,316.0,447203
Gonçalo Manuel Ganchinho Guedes,Gonçalo Guedes,548.0,181284
Diogo Dalot Teixeira,Diogo Dalot,369.0,216051
Andreas Hoelgebaum Pereira,Andreas Pereira,240.0,156689
Francisco Evanilson de Lima Barbosa,Evanilson,617.0,444102
Mateus Gonçalo Espanha Fernandes,Mateus Fernandes,623.0,551226
Rodrigo Muniz Carvalho,Rodrigo Muniz,251.0,244042
Tomiyasu Takehiro,Takehiro Tomiyasu,22.0,223723
Carlos Roberto Forbs Borges,Carlos Forbs,655.0,463212
Bernardo Veiga de Carvalho e Silva,Bernardo Silva,342.0,165809
Dominic Solanke-Mitchell,Dominic Solanke,82.0,154566
David Raya Martin,David Raya,15.0,154561
Igor Julio dos Santos de Paulo,Igor Julio,128.0,223434
Emerson Palmieri dos Santos,Emerson,520.0,109533
Diego Carlos Santos Silva,Diego Carlos,35.0,165659
Matheus Santos Carneiro Da Cunha,Matheus Cunha,541.0,430871
Marcus Myers-Harness,Marcus Harness,271.0,167191
Hugo Bueno López,Hugo Bueno,549.0,490721
João Pedro Junqueira de Jesus,João Pedro,129.0,475168
José Malheiro de Sá,José Sá,554.0,149065
Sávio 'Savinho' Moreira de Oliveira,Sávio,571.0,510281
Pape Matar Sarr,Pape Sarr,499.0,482442
Julián Araujo Zúñiga,Julián Araujo,592.0,436893
Rodrigo Martins Gomes,Rodrigo Gomes,563.0,483081
Omari Giraud-Hutchinson,Omari Hutchinson,274.0,503301
Álex Moreno Lopera,Álex Moreno,26.0,106468
Danilo dos Santos de Oliveira,Danilo,429.0,513046
Richarlison de Andrade,Richarlison,497.0,212319
Marc Guiu Paz,Marc Guiu,178.0,499309
Pervis Estupiñán,Estupiñán,122.0,204214
João Félix Sequeira,João Félix,621.0,428399
Fábio Ferreira Vieira,Fábio Vieira,1.0,438098
Benjamin White,Ben White,24.0,198869
Moisés Caicedo Corozo,Moisés Caicedo,157.0,486672
Endo Wataru,Wataru Endo,320.0,158983
Gabriel dos Santos Magalhães,Gabriel,3.0,226597
Chadi Riad Dnanou,Chadi Riad,195.0,515621
Kepa Arrizabalaga,Kepa,152.0,109745
Joelinton Cássio Apolinário de Lira,Joelinton,403.0,180974
Jeremy Sarmiento Morante,Jeremy Sarmiento,141.0,441192
Edson Álvarez Velázquez,Edson Álvarez,511.0,213999
Bruno Guimarães Rodriguez Moura,Bruno Guimarães,394.0,208706
Youssef Ramalho Chermiti,Youssef Chermiti,237.0,491012
Rodrigo 'Rodri' Hernandez,Rodri,360.0,220566
Matheus Luiz Nunes,Matheus Nunes,356.0,465351
Norberto Murara Neto,Neto,73.0,69752
Mitoma Kaoru,Kaoru Mitoma,136.0,451340
Jefferson Lerma Solís,Jefferson Lerma,206.0,152551
Bobby De Cordova-Reid,Bobby Reid,290.0,96994
Alisson Ramses Becker,Alisson,310.0,116535
Antony Matheus dos Santos,Antony,365.0,467169
Daniel Castelo Podence,Daniel Podence,562.0,200600
Mads Roerslev Rasmussen,Mads Roerslev,105.0,226956
Gabriel Fernando de Jesus,Gabriel Jesus,2.0,205651
Murillo Santiago Costa dos Santos,Murillo,436.0,575476
Emiliano Buendía Stati,Emiliano Buendía,31.0,195546
Jérémy Doku,Jéremy Doku,346.0,248875
Joe Gomez,Joseph Gomez,322.0,171287
Tomáš Souček,Tomas Soucek,530.0,215439
Nikola Milenković,Nikola Milenkovic,573.0,227444
Séamus Coleman,Seamus Coleman,221.0,59949
Rayan Aït-Nouri,Rayan Ait Nouri,533.0,448514
Cheick Doucouré,Cheick Oumar Doucoure,193.0,438464
Mateo Kovačić,Mateo Kovacic,354.0,91651
Marc Guéhi,Marc Guehi,200.0,209036
Amad Diallo,Amad Diallo Traore,364.0,493250
Kosta Nedeljković,Kosta Nedeljkovic,50.0,578545
Diogo Teixeira da Silva,Diogo Jota,317.0,194634
Ismaïla Sarr,Ismaila Sarr,585.0,232185
Destiny Udogie,Iyenoma Destiny Udogie,505.0,487053
Carlos Henrique Casimiro,Casemiro,368.0,61256
Martin Ødegaard,Martin Odegaard,13.0,184029
Fábio Freitas Gouveia Carvalho,Fabio Carvalho,314.0,244858
Norberto Bercique Gomes Betuncal,Beto,218.0,486385
Emiliano Martínez Romero,Emiliano Martinez,47.0,98980
Saša Lukić,Sasa Lukic,249.0,212314
Joško Gvardiol,Josko Gvardiol,350.0,477424
Emile Smith Rowe,Emile Smith-Rowe,19.0,209289
Son Heung-min,Son Heung-Min,503.0,85971
Hamed Traorè,Hamed Junior Traore,67.0,424044
Roméo Lavia,Romeo Lavia,174.0,514356
Radu Drăgușin,Radu Dragusin,486.0,493125
Vladimír Coufal,Vladimir Coufal,516.0,164555
Tino Livramento,Valentino Livramento,409.0,441191
Lucas Tolentino Coelho de Lima,Lucas Paquetá,527.0,224024
Hwang Hee-chan,Hee-Chan Hwang,550.0,184754
Jorge Luiz Frello Filho,Jorginho,7.0,85955
Fábio Silva,Fabio Silva,545.0,449988
Łukasz Fabiański,Lukasz Fabianski,521.0,37096
Boubakary Soumaré,Boubakary Soumare,285.0,225902
Joe Ayodele-Aribo,Joe Ayodele-Aribo,452.0,193204
Yehor Yarmoliuk,Yehor Yarmolyuk,111.0,508395
Lesley Ugochukwu,Chimuanya Ugochukwu,188.0,503714
Jesper Lindstrøm,Jesper Lindstrom,577.0,463903
Will Smallbone,William Smallbone,471.0,214466
Felipe Rodrigues da Silva,Morato,653.0,485047
Matty Cash,Matthew Cash,32.0,199796
João Pedro Ferreira Silva,Jota Silva,596.0,510500
Jaden Philogene,Jaden Philogene-Bidace,569.0,481624
Ibrahim Sangaré,Ibrahim Sangare,442.0,210462
Sam Szmodics,Sammie Szmodics,611.0,172453
Saša Kalajdžić,Sasa Kalajdzic,555.0,429414
Adama Traoré Diarra,Adama Traoré,239.0,159533
Andreas Pereira,Andreas Pereira,240.0,156689
Benjamin Chilwell,Ben Chilwell,160.0,172850
Ben White,Ben White,24.0,198869
Bernardo Mota Veiga de Carvalho e Silva,Bernardo Silva,342.0,165809
Bobby Reid,Bobby Reid,290.0,96994
Bobby Decordova-Reid,Bobby Reid,290.0,96994
Bruno Miguel Borges Fernandes,Bruno Fernandes,366.0,141746
Carlos Alcaraz,Carlos Alcaraz,450.0,502697
José Diogo Dalot Teixeira,Diogo Dalot,369.0,216051
Diogo Jota,Diogo Jota,317.0,194634
Dominic Solanke,Dominic Solanke,82.0,154566
Edward Nketiah,Eddie Nketiah,11.0,205533
Emiliano Martínez,Emiliano Martinez,47.0,98980
Fabio Carvalho,Fabio Carvalho,314.0,244858
Gabriel Magalhães,Gabriel,3.0,226597
Gabriel Teodoro Martinelli Silva,Gabriel Martinelli,9.0,444145
Hee-Chan Hwang,Hee-Chan Hwang,550.0,184754
Jeremy Sarmiento,Jeremy Sarmiento,141.0,441192
Joseph Willock,Joe Willock,420.0,200089
Joseph Gomez,Joseph Gomez,322.0,171287
Pelenda Joshua Dasilva,Josh Dasilva,90.0,183656
Kaoru Mitoma,Kaoru Mitoma,136.0,451340
Luis Sinisterra Lucumí,Luis Sinisterra,80.0,224995
Lukasz Fabianski,Lukasz Fabianski,521.0,37096
Marc Cucurella,Marc Cucurella,163.0,179268
Matthew Cash,Matthew Cash,32.0,199796
Miguel Almirón,Miguel Almirón,391.0,179018
Moisés Caicedo,Moisés Caicedo,157.0,486672
Olu Aina,Ola Aina,422.0,159506
Rayan Ait Nouri,Rayan Ait Nouri,533.0,448514
Rodrigo Hernandez,Rodri,360.0,220566
Rúben Santos Gato Alves Dias,Rúben Dias,361.0,171314
Solomon March,Solly March,132.0,109345
Heung-Min Son,Son Heung-Min,503.0,85971
Takehiro Tomiyasu,Takehiro Tomiyasu,22.0,223723
Wataru Endo,Wataru Endo,320.0,158983
William Smallbone,William Smallbone,471.0,214466
Yegor Yarmolyuk,Yehor Yarmolyuk,111.0,508395
Yegor Yarmoliuk,Yehor Yarmolyuk,111.0,508395
Alexandre Moreno Lopera,Álex Moreno,26.0,106468
Maximillian Aarons,Max Aarons,59.0,232980
Jefferson Lerma,Jefferson Lerma,206.0,152551
Emiliano Buendía,Emiliano Buendía,31.0,195546
Ben Brereton,Ben Brereton Díaz,584.0,204814
Alejandro Garnacho Ferreyra,Alejandro Garnacho,372.0,493105
Emiliano Martinez,Emiliano Martinez,47.0,98980
Jaden Philogene-Bidace,Jaden Philogene-Bidace,569.0,481624
Fabio Silva,Fabio Silva,545.0,449988
Mateo Kovacic,Mateo Kovacic,354.0,91651
Radu Dragusin,Radu Dragusin,486.0,493125
Romeo Lavia,Romeo Lavia,174.0,514356
Sasa Kalajdzic,Sasa Kalajdzic,555.0,429414
Sasa Lukic,Sasa Lukic,249.0,212314
Seamus Coleman,Seamus Coleman,221.0,59949
Tomas Soucek,Tomas Soucek,530.0,215439
Vladimir Coufal,Vladimir Coufal,516.0,164555
Ismaila Sarr,Ismaila Sarr,585.0,232185
Joe Aribo,Joe Ayodele-Aribo,452.0,193204
Karl Hein,,5.0,463748
Kieran Tierney,Kieran Tierney,21.0,192895
Mikel Merino,Mikel Merino,633.0,195384
Salah-Eddine Oulad M'hand,,638.0,498046
Tommy Setford,,639.0,551221
Maldini Kacurri,,657.0,588793
Ayden Heaven,,658.0,606745
Ismeal Kabia,,659.0,588796
Josh Nichols,,662.0,499167
Nathan Butler-Oyedeji,,665.0,461025
Enzo Barrenechea,,30.0,491287
Leander Dendoncker,,33.0,151589
Joe Gauci,,39.0,462492
Kortney Hause,,40.0,123354
Samuel Iling-Junior,,41.0,469247
Kaine Kesler-Hayden,,43.0,465390
Filip Marschall,,46.0,462381
Viljami Sinisalo,,55.0,248164
Lino da Cruz Sousa,,56.0,514315
Sil Swinkels,,640.0,514287
Oliwier Zych,,641.0,516159
Kadan Young,,656.0,537403
Ben Broggio,,679.0,577731
Jamaldeen Jimoh,,710.0,559962
Romain Faivre,,66.0,441240
Alex Paulsen,,75.0,495145
Will Dennis,,599.0,444172
Max Kinsey,,680.0,496683
Ben Winterburn,Ben Winterburn,687.0,606775
Archie Harris,,702.0,632822
Remy Rees-Dottin,Remy Rees-Dottin,707.0,606774
Ethan Brierley,,87.0,494041
Kim Ji-soo,Kim Ji-Soo,96.0,570241
Myles Peart-Harris,,103.0,450539
Igor Thiago Nascimento Rodrigues,Thiago,107.0,502500
Ivan Toney,,108.0,144485
Hákon Valdimarsson,Hákon Valdimarsson,109.0,507433
Mathias Jorgensen,,112.0,48760
Gustavo Nunes Fernandes Gomes,,634.0,626464
Jayden Meghoma,Jayden Meghoma,649.0,499717
Tony Yogane,,661.0,592662
Paris Maghoma,Paris Maghoma,674.0,220695
Benjamin Arthur,,705.0,622536
Benicio Baker-Boaitey,,114.0,475480
Valentín Barco,,116.0,543158
Amario Cozier-Duberry,,118.0,519324
Ibrahim Osman,,127.0,612855
Kacper Kozłowski,,130.0,484658
Tariq Lamptey,Tariq Lamptey,131.0,232792
Adrian Mazilu,,133.0,550141
Jakub Moder,Jakub Moder,137.0,243505
Mark O’Mahony,,138.0,574402
Odeluga Offiah,,139.0,445548
Cameron Peupion,,140.0,491598
Deniz Undav,,143.0,450434
Brajan Gruda,Brajan Gruda,595.0,513433
Andrew Moran,,601.0,513834
Carl Rushworth,,615.0,472739
Matt O'Riley,Matt O'Riley,629.0,219249
Imari Samuels,,663.0,447720
Killian Cahill,,668.0,565858
Ruairi McConville,,681.0,539721
Jacob Slater,,685.0,589100
Andrey Nascimento dos Santos,,150.0,532605
Ângelo Gabriel Borges Damaceno,,151.0,518620
Benoît Badiashile,Benoit Badiashile Mukinayi,153.0,242880
Lucas Bergström,,154.0,482158
Marcus Bettinelli,,155.0,122074
Cesare Casadei,,158.0,505187
David Datro Fofana,,164.0,520295
Deivid Washington de Souza Eugênio,,165.0,617054
Alfie Gilchrist,,170.0,514280
Omari Kellyman,,173.0,549068
Romelu Lukaku Bolingoli,,175.0,66749
Malang Sarr,,176.0,204727
Đorđe Petrović,,183.0,457569
Caleb Wiley,,575.0,488464
Filip Jørgensen,Filip Jorgensen,581.0,508479
Samuel Rak-Sakyi,,695.0,547692
Tyrique George,Tyrique George,696.0,550615
Josh Acheampong,Josh Acheampong,697.0,577016
Trevoh Chalobah,Trevoh Chalobah,159.0,180736
Malcolm Ebiowei,,197.0,450535
Rob Holding,,202.0,156074
Matheus França de Oliveira,,208.0,536694
Remi Matthews,,209.0,169593
David Ozoh,,212.0,531989
Franco Umeh-Chibueze,,644.0,574398
Justin Devenny,Justin Devenny,645.0,489706
Asher Agbinone,Asher Agbinone,646.0,579075
Kaden Rodney,,647.0,530318
Caleb Kporha,Caleb Kporha,666.0,590012
Zach Marsh,,676.0,576980
Armando Broja,Armando Broja,156.0,440323
João Neves Virgínia,,227.0,222627
Jenson Metcalfe,,614.0,491557
Asmir Begovic,,624.0,40349
Callum Bates,,678.0,547801
Steven Benda,,242.0,428971
Timothy Castagne,Timothy Castagne,244.0,166477
Luke Harris,,246.0,515024
Kevin Mbabu,,250.0,120721
Carlos Vinícius Alves Morais,Carlos Vinicius,258.0,245824
Ryan Sessegnon,Ryan Sessegnon,579.0,184349
Jorge Cuenca Barreno,Jorge Cuenca,586.0,246301
Josh King,Joshua King,604.0,577725
Martial Godo,Martial Godo,605.0,573062
Samuel Amissah,,690.0,591385
Elkan Baggott,,261.0,517178
Nathan Broadhead,Nathan Broadhead,262.0,173818
Cameron Burgess,Cameron Burgess,263.0,122411
Harry Clarke,Harry Clarke,266.0,232228
Cameron Humphreys,,273.0,524180
Freddie Ladapo,,276.0,94926
Corrie Ndaba,,279.0,246265
Cieran Slicker,,280.0,434044
Conor Townsend,Conor Townsend,583.0,108053
Tom Cannon,,286.0,461416
Patson Daka,Patson Daka,289.0,245419
Michael Golding,,292.0,549640
Daniel Iversen,,294.0,207270
Wanya Marçal-Madivádua,,297.0,461584
Ricardo Barbosa Pereira,Ricardo Pereira,302.0,111931
Harry Souttar,,303.0,194190
Jakub Stolarczyk,Jakub Stolarczyk,304.0,436680
Luke Thomas,Luke Thomas,305.0,244619
Danny Ward,Danny Ward,308.0,95463
Will Alves,Will Alves,606.0,532534
Ben Nelson,,616.0,501770
Henry Cartwright,,694.0,531997
Thomas Wilson-Brown,,708.0,532535
Stefan Bajčetić Maquieira,,312.0,535928
Bobby Clark,,315.0,491970
James McConnell,,330.0,491501
Tyler Morton,,331.0,440148
Nathaniel Phillips,,332.0,197464
Rhys Williams,,334.0,219937
Vítezslav Jaros,Vítezslav Jaros,660.0,432987
Harvey Davies,,669.0,464353
Treymaurice Nyoni,,688.0,591386
Amara Nallo,,692.0,611926
Jayden Danns,,709.0,500058
Oscar Bobb,,343.0,477555
Scott Carson,,344.0,17601
João Cavaco Cancelo,,353.0,121145
Stefan Ortega Moreno,Stefan Ortega Moreno,358.0,88248
Nico O'Reilly,Nico O'Reilly,607.0,472769
Issa Kaboré,,626.0,476369
Jacob Wright,,671.0,516250
Jahmai Simpson-Pusey,Jahmai Simpson-Pusey,672.0,554194
Josh Wilson-Esbrand,,675.0,447880
Divin Mubama,Divin Mubama,698.0,487837
Max Alleyne,,703.0,494307
Spike Brits,,704.0,613120
Altay Bayindir,,367.0,451302
Hannibal Mejbri,,373.0,465527
Tom Heaton,,374.0,21205
Tyrell Malacia,Tyrell Malacia,379.0,222690
Leny Yoro,Leny Yoro,572.0,550864
Ethan Wheatley,,648.0,575034
Jack Fletcher,,667.0,547037
Harry Amass,,670.0,577974
Jayce Fitzgerald,,673.0,556639
Godwill Kukonki,,691.0,576637
Alex Murphy,,390.0,545477
Martin Dúbravka,Martin Dubravka,396.0,67089
Isaac Hayden,,400.0,153127
Garang Kuol,,406.0,564510
Jamaal Lascelles,,407.0,101148
Jamal Lewis,,408.0,194799
Lewis Miley,Lewis Miley,411.0,547719
Odysseas Vlachodimos,,412.0,111452
John Ruddy,,414.0,19236
Joe White,,419.0,461484
Miodrag Pivaš,,574.0,578512
Josh Bowler,,426.0,245830
Carlos Miguel dos Santos Pereira,,427.0,475123
Eric da Silva Moreira,Eric da Silva Moreira,428.0,569014
Emmanuel Dennis,,430.0,230251
Alex Mighten,,435.0,244930
Omar Richards,,438.0,204822
Lewis O'Brien,,439.0,243345
Andrew Omobamidele,,440.0,466404
Jonathan Panzo,,441.0,209035
Hwang Ui-jo,,446.0,201440
Zach Abbott,,706.0,549067
Gavin Bazunu,,454.0,456350
Armel Bella-Kotchap,,456.0,477386
James Bree,James Bree,457.0,184386
Shea Charles,,458.0,463210
Ronnie Edwards,Ronnie Edwards,460.0,500926
Kamaldeen Sulemana,Kamaldeen Sulemana,462.0,504783
Juan Larios López,,464.0,515571
Mateusz Lis,,465.0,200428
Joe Lumley,Joe Lumley,466.0,167888
Ryan Manning,Ryan Manning,467.0,204863
Sékou Mara,,468.0,476888
Paul Onuachu,Paul Onuachu,470.0,147611
Nathan Wood-Gordon,Nathan Wood,477.0,244845
Joseph O'Brien-Whitmarsh,,693.0,545508
Ashley Phillips,,478.0,548308
Brandon Austin,Brandon Austin,479.0,214572
Bryan Gil Salvatierra,,483.0,436234
Alfie Devine,,485.0,496179
Emerson Leite de Souza Junior,,487.0,241157
Fraser Forster,Fraser Forster,488.0,40383
Sergio Reguilón,Sergio Reguilón,496.0,199249
Dane Scarlett,,500.0,490145
Alejo Véliz,,507.0,536908
Alfie Whiteman,,510.0,175941
Will Lankshear,Will Lankshear,609.0,552427
Callum Olusesi,,683.0,499726
Malachi Hardy,,684.0,611920
Luca Williams-Barnett,,689.0,611917
Alfie Dorrington,Alfie Dorrington,699.0,519321
Maeson King,,700.0,592736
George Earthy,,519.0,490885
Luis Guilherme Lira dos Santos,Luis Guilherme,526.0,577114
Nayef Aguerd,,529.0,210494
Kaelan Casey,Kaelan Casey,643.0,518438
Ollie Scarles,Oliver Scarles,677.0,536109
Ezra Mayers,,686.0,602903
Lewis Orford,Lewis Orford,701.0,518442
Boubacar Traoré,,534.0,476502
Daniel Bentley,,536.0,79602
Francisco Jorge Tomás Oliveira,Chiquinho,537.0,510363
Tawanda Chirewa,,538.0,497606
Leon Chiwome,,539.0,589507
Luke Cundle,,540.0,245923
Nathan Fraser,,546.0,531363
Enso González,,547.0,593001
Joe Hodge,,551.0,240299
Ki-Jana Hoever,,552.0,441271
Tom King,,556.0,138001
Pedro Cardoso de Lima,Pedro Lima,561.0,641221
Bastien Meupiyou,,637.0,560248
Alfie Pond,Alfie Pond,664.0,517179
Tom Edozie,,682.0,596054
Matai Akinmboni,,712.0,541462
Julio Soler,,713.0,575901
Daniel Adu-Adjei,,722.0,590760
Dominic Sadi,,723.0,550596
Diego Gómez,Diego Gómez,714.0,514254
Martin Sherif,,724.0,536241
Ben Godfrey,Ben Godfrey,715.0,198826
Wayne Hennessey,,721.0,20066
Welington Damascena Santos,,718.0,500016
Joachim Kayi-Sanda,,719.0,620408
Antonín Kinsky,Antonín Kinsky,716.0,485055
Min-Hyeok Yang,,717.0,623095
Wes Okoduwa,,711.0,613467
Emmanuel Agbadou,Emmanuel Agbadou,720.0,516939
Donyell Malen,,725.0,204646
Andrés García,,731.0,606798
Callan McKenna,,727.0,568791
Zain Silcott-Duberry,,728.0,530121
Romain Esse,,730.0,606921
Woyo Coulibaly,,726.0,488439
Abdukodir Khusanov,,732.0,578153
Damola Ajayi,,729.0,574799
